Nombre,Género,Año,Duración,Rating,Link
Atrapados en el Cubo (Cube)," Ciencia Ficción, Misterio, Terror",2021,1h 48m,3.25,https://ww1.cuevana3.ai/65409/cube-ichido-haittara-saigo-ver
La guerra del futuro," Acción, Aventura, Ciencia Ficción",2022,1h 41m,4.12,https://ww1.cuevana3.ai/65351/ming-yat-zin-gei-ver
Black Adam," Acción, Ciencia Ficción, Fantasía",2022,2h 4m,4.17,https://ww1.cuevana3.ai/63746/black-adam-ver
Control," Ciencia Ficción, Suspenso",2022,1h 29m,2.82,https://ww1.cuevana3.ai/65007/control-ver
Fuga de Prisión," Acción, Ciencia Ficción, Thriller",2022,1h 46m,3.17,https://ww1.cuevana3.ai/57441/corrective-measures-ver
Project Legion," Ciencia Ficción, Suspenso, Terror",2022,0h 0m,2.88,https://ww1.cuevana3.ai/64716/project-legion-ver
Color Out of Space," Ciencia Ficción, Terror",2019,1h 51m,3.8,https://ww1.cuevana3.ai/25761/color-out-of-space-ver
¡Nop!," Ciencia Ficción, Misterio, Terror",2022,2h 15m,3.97,https://ww1.cuevana3.ai/61748/nope-ver
Butt Boy," Ciencia Ficción, Crime, Thriller",2020,1h 39m,2.73,https://ww1.cuevana3.ai/64476/butt-boy-ver
Acampamento Intergaláctico," Aventura, Ciencia Ficción, Comedia",2022,1h 25m,2.81,https://ww1.cuevana3.ai/64172/acampamento-intergalactico-ver
After Yang," Ciencia Ficción, Drama",2022,1h 36m,3.72,https://ww1.cuevana3.ai/56730/after-yang-ver
Significant Other," Ciencia Ficción, Drama, Misterio",2022,1h 24m,3.72,https://ww1.cuevana3.ai/63260/significant-other-ver
Géminis: El planeta oscuro," Aventura, Ciencia Ficción, Thriller",2022,1h 38m,3.14,https://ww1.cuevana3.ai/54824/proekt-gemini-ver
Vesper," Aventura, Ciencia Ficción, Drama",2022,1h 52m,3.86,https://ww1.cuevana3.ai/63038/vesper-ver
Danger! Danger!," Acción, Aventura, Ciencia Ficción",2021,1h 16m,2.46,https://ww1.cuevana3.ai/62987/danger-danger-ver
Visitante," Ciencia Ficción, Drama, Terror",2022,1h 39m,3.7,https://ww1.cuevana3.ai/62648/visitante-ver
The Alpha Test," Ciencia Ficción, Terror, Thriller",2021,1h 27m,2.95,https://ww1.cuevana3.ai/62489/the-alpha-test-ver
Tides," Ciencia Ficción, Thriller",2021,1h 44m,3.83,https://ww1.cuevana3.ai/45884/tides-ver
Jurassic World: Dominion," Acción, Aventura, Ciencia Ficción",2022,2h 27m,4.15,https://ww1.cuevana3.ai/58270/jurassic-world-dominion-ver
Programa ADN," Ciencia Ficción, Misterio, Thriller",2021,1h 30m,3.1,https://ww1.cuevana3.ai/61984/sensation-ver
El último día en la Tierra," Aventura, Ciencia Ficción, Drama",2021,1h 27m,3.49,https://ww1.cuevana3.ai/61918/le-dernier-voyage-ver
Meteoro," Ciencia Ficción, Thriller",2021,1h 24m,2.76,https://ww1.cuevana3.ai/61654/meteor-ver
Obscuro Despertar, Ciencia Ficción,2019,0h 0m,2.41,https://ww1.cuevana3.ai/61610/obscuro-despertar-ver
Dual," Ciencia Ficción, Thriller",2022,1h 35m,3.09,https://ww1.cuevana3.ai/57879/dual-ver
Rabid," Ciencia Ficción, Terror",2019,1h 47m,3.55,https://ww1.cuevana3.ai/24128/rabid-ver
Office Invasion," Acción, Ciencia Ficción, Comedia",2022,0h 0m,3.47,https://ww1.cuevana3.ai/61233/office-invasion-ver
Ojos de fuego," Ciencia Ficción, Drama, Terror",2022,1h 34m,3.81,https://ww1.cuevana3.ai/57595/firestarter-ver
Sharkula," Acción, Ciencia Ficción, Terror",2022,0h 0m,3.22,https://ww1.cuevana3.ai/60448/sharkula-ver
The Prey," Acción, Ciencia Ficción, Thriller",2022,1h 33m,3.37,https://ww1.cuevana3.ai/60136/the-prey-legend-of-karnoctus-ver
Warning," Ciencia Ficción, Thriller",2021,1h 25m,3.53,https://ww1.cuevana3.ai/50374/warning-ver
Risen," Ciencia Ficción, Thriller",2021,1h 49m,3.16,https://ww1.cuevana3.ai/47598/risen-2-ver
Gray Matter, Ciencia Ficción,2018,1h 25m,2.52,https://ww1.cuevana3.ai/59672/gray-matter-ver
La calma que viene después," Ciencia Ficción, Thriller",2020,1h 35m,4.2,https://ww1.cuevana3.ai/59652/the-calm-beyond-ver
The Eden Theory," Ciencia Ficción, Terror, Thriller",2021,1h 47m,3.32,https://ww1.cuevana3.ai/59644/the-eden-theory-ver
¡Caña al extraterrestre!," Acción, Ciencia Ficción, Comedia",2022,0h 0m,3.41,https://ww1.cuevana3.ai/59413/blasted-ver
Doors, Ciencia Ficción,2021,1h 21m,2.61,https://ww1.cuevana3.ai/40064/doors-ver
Dinosaur World," Acción, Aventura, Ciencia Ficción",2020,1h 15m,3.09,https://ww1.cuevana3.ai/59500/dinosaur-world-ver
Rubikon, Ciencia Ficción,2022,1h 50m,3.58,https://ww1.cuevana3.ai/59484/rubikon-ver
Anti-Life," Acción, Ciencia Ficción",2020,1h 32m,2.45,https://ww1.cuevana3.ai/35865/breach-ver
Cryo," Ciencia Ficción, Misterio, Thriller",2022,0h 0m,3.46,https://ww1.cuevana3.ai/59409/cryo-ver
Harmony," Acción, Ciencia Ficción, Terror",2022,0h 0m,3.6,https://ww1.cuevana3.ai/59397/harmony-ver
Men," Ciencia Ficción, Drama, Terror",2022,0h 0m,3.81,https://ww1.cuevana3.ai/59385/men-ver
Press Play," Ciencia Ficción, Musica, Romance",2022,0h 0m,4.27,https://ww1.cuevana3.ai/59373/press-play-ver
Slash/Back," Aventura, Ciencia Ficción",2022,0h 0m,3.82,https://ww1.cuevana3.ai/59365/slash-back-ver
Moonfall," Acción, Aventura, Ciencia Ficción",2022,2h 0m,4.13,https://ww1.cuevana3.ai/54241/moonfall-ver
